Workbook

Sheet Dashboard
A1: ="XBOX GAME PASS | PAINEL DE VENDAS • PERÍODO: "&TEXT(MIN(Dados!$D$2:$D$296),"dd/mm/aaaa")&" A "&TEXT(MAX(Dados!$D$2:$D$296),"dd/mm/aaaa") -> XBOX GAME PASS | PAINEL DE VENDAS • PERÍODO: 01/01/2024 A 16/12/2024
A5: RECEITA TOTAL | D5: ASSINANTES | G5: TICKET MÉDIO | J5: RENOVAÇÃO AUTOMÁTICA
A6: =Análises!B5 -> 7633 | D6: =Análises!B6 -> 295 | G6: =Análises!B7 -> 25.874576 | J6: =Análises!B8 -> 0.50169492
A11: RECEITA EA PLAY | E11: RECEITA MINECRAFT | I11: RECEITA ANUAL | L11: CUPONS
A12: =Análises!B9 -> 2940 | E12: =Análises!B10 -> 3880 | I12: =Análises!I7 -> 1754 | L12: =Análises!B11 -> 2122

Sheet Dados
A1: Subscriber ID | B1: Nome | C1: Plano | D1: Data de Início | E1: Renovação Automática | F1: Preço da Assinatura | G1: Tipo de Assinatura | H1: EA Play | I1: Preço EA Play | J1: Minecraft | K1: Preço Minecraft | L1: Cupom | M1: Valor Total
A2: 3231 | B2: João Silva | C2: Ultimate | D2: 45292 | E2: Yes | F2: 15 | G2: Monthly | H2: Yes | I2: 30 | J2: Yes | K2: 20 | L2: 5 | M2: 60
A3: 3232 | B3: Maria Oliveira | C3: Core | D3: 45306 | E3: No | F3: 5 | G3: Annual | H3: No | I3: 0 | J3: No | K3: 0 | L3: 0 | M3: 5
A4: 3233 | B4: Lucas Fernandes | C4: Standard | D4: 45332 | E4: Yes | F4: 10 | G4: Quarterly | H4: No | I4: 0 | J4: Yes | K4: 20 | L4: 10 | M4: 20
A5: 3234 | B5: Ana Souza | C5: Ultimate | D5: 45342 | E5: No | F5: 15 | G5: Monthly | H5: Yes | I5: 30 | J5: Yes | K5: 20 | L5: 3 | M5: 62
A6: 3235 | B6: Pedro Gonçalves | C6: Core | D6: 45356 | E6: Yes | F6: 5 | G6: Monthly | H6: No | I6: 0 | J6: No | K6: 0 | L6: 1 | M6: 4
A7: 3236 | B7: Felipe Costa | C7: Standard | D7: 45353 | E7: No | F7: 10 | G7: Monthly | H7: No | I7: 0 | J7: Yes | K7: 20 | L7: 2 | M7: 28
A8: 3237 | B8: Camila Ribeiro | C8: Ultimate | D8: 45354 | E8: Yes | F8: 15 | G8: Quarterly | H8: Yes | I8: 30 | J8: Yes | K8: 20 | L8: 10 | M8: 55
A9: 3238 | B9: André Mendes | C9: Core | D9: 45355 | E9: Yes | F9: 5 | G9: Annual | H9: No | I9: 0 | J9: No | K9: 0 | L9: 0 | M9: 5
A10: 3239 | B10: Sofia Almeida | C10: Ultimate | D10: 45356 | E10: No | F10: 15 | G10: Monthly | H10: Yes | I10: 30 | J10: Yes | K10: 20 | L10: 5 | M10: 60
A11: 3240 | B11: Bruno Martins | C11: Standard | D11: 45357 | E11: Yes | F11: 10 | G11: Quarterly | H11: No | I11: 0 | J11: Yes | K11: 20 | L11: 15 | M11: 15
A12: 3241 | B12: Rita Castro | C12: Core | D12: 45358 | E12: No | F12: 5 | G12: Monthly | H12: No | I12: 0 | J12: No | K12: 0 | L12: 1 | M12: 4
A13: 3242 | B13: Marco Túlio | C13: Ultimate | D13: 45359 | E13: Yes | F13: 15 | G13: Annual | H13: Yes | I13: 30 | J13: Yes | K13: 20 | L13: 20 | M13: 45
... A296: 3525 | B296: Elisa Magalhães | C296: Core | D296: 45642 | E296: No | F296: 5 | G296: Monthly | H296: No | I296: 0 | J296: No | K296: 0 | L296: 1 | M296: 4

Sheet Análises
A1: ANÁLISES E BASES DOS GRÁFICOS
A4: Indicador | B4: Valor | D4: Plano | E4: Receita | F4: Assinantes | H4: Tipo de Assinatura | I4: Receita | J4: Assinantes
A5: Receita Total | B5: =SUM(Dados!$M$2:$M$296) -> 7633 | D5: Core | E5: =SUMIFS(Dados!$M$2:$M$296,Dados!$C$2:$C$296,D5) -> 444 | F5: =COUNTIF(Dados!$C$2:$C$296,D5) -> 101 | H5: Monthly | I5: =SUMIFS(Dados!$M$2:$M$296,Dados!$G$2:$G$296,H5) -> 3571 | J5: =COUNTIF(Dados!$G$2:$G$296,H5) -> 139
A6: Assinantes | B6: =COUNTA(Dados!$A$2:$A$296) -> 295 | D6: Standard | E6: =SUMIFS(Dados!$M$2:$M$296,Dados!$C$2:$C$296,D6) -> 1801 | F6: =COUNTIF(Dados!$C$2:$C$296,D6) -> 96 | H6: Quarterly | I6: =SUMIFS(Dados!$M$2:$M$296,Dados!$G$2:$G$296,H6) -> 2308 | J6: =COUNTIF(Dados!$G$2:$G$296,H6) -> 85
A7: Ticket Médio | B7: =B5/B6 -> 25.874576 | D7: Ultimate | E7: =SUMIFS(Dados!$M$2:$M$296,Dados!$C$2:$C$296,D7) -> 5388 | F7: =COUNTIF(Dados!$C$2:$C$296,D7) -> 98 | H7: Annual | I7: =SUMIFS(Dados!$M$2:$M$296,Dados!$G$2:$G$296,H7) -> 1754 | J7: =COUNTIF(Dados!$G$2:$G$296,H7) -> 71
A8: Taxa de Renovação | B8: =COUNTIF(Dados!$E$2:$E$296,"Yes")/B6 -> 0.50169492 | D8: Total | E8: =SUM(E5:E7) -> 7633 | F8: =SUM(F5:F7) -> 295 | H8: Total | I8: =SUM(I5:I7) -> 7633 | J8: =SUM(J5:J7) -> 295
A9: Receita EA Play | B9: =SUM(Dados!$I$2:$I$296) -> 2940
A10: Receita Minecraft | B10: =SUM(Dados!$K$2:$K$296) -> 3880
A11: Cupons Concedidos | B11: =SUM(Dados!$L$2:$L$296) -> 2122 | D11: Renovação Automática | E11: Receita | F11: Assinantes
D12: Yes | E12: =SUMIFS(Dados!$M$2:$M$296,Dados!$E$2:$E$296,D12) -> 3786 | F12: =COUNTIF(Dados!$E$2:$E$296,D12) -> 148
D13: No | E13: =SUMIFS(Dados!$M$2:$M$296,Dados!$E$2:$E$296,D13) -> 3847 | F13: =COUNTIF(Dados!$E$2:$E$296,D13) -> 147
A14: Mês | B14: Receita | D14: Total | E14: =SUM(E12:E13) -> 7633 | F14: =SUM(F12:F13) -> 295
A15: 45292 | B15: =SUMIFS(Dados!$M$2:$M$296,Dados!$D$2:$D$296,">="&A15,Dados!$D$2:$D$296,"<"&EDATE(A15,1)) -> 65
A16: 45323 | B16: =SUMIFS(Dados!$M$2:$M$296,Dados!$D$2:$D$296,">="&A16,Dados!$D$2:$D$296,"<"&EDATE(A16,1)) -> 82
A17: 45352 | B17: =SUMIFS(Dados!$M$2:$M$296,Dados!$D$2:$D$296,">="&A17,Dados!$D$2:$D$296,"<"&EDATE(A17,1)) -> 801
A18: 45383 | B18: =SUMIFS(Dados!$M$2:$M$296,Dados!$D$2:$D$296,">="&A18,Dados!$D$2:$D$296,"<"&EDATE(A18,1)) -> 782
A19: 45413 | B19: =SUMIFS(Dados!$M$2:$M$296,Dados!$D$2:$D$296,">="&A19,Dados!$D$2:$D$296,"<"&EDATE(A19,1)) -> 777
A20: 45444 | B20: =SUMIFS(Dados!$M$2:$M$296,Dados!$D$2:$D$296,">="&A20,Dados!$D$2:$D$296,"<"&EDATE(A20,1)) -> 770
A21: 45474 | B21: =SUMIFS(Dados!$M$2:$M$296,Dados!$D$2:$D$296,">="&A21,Dados!$D$2:$D$296,"<"&EDATE(A21,1)) -> 784
A22: 45505 | B22: =SUMIFS(Dados!$M$2:$M$296,Dados!$D$2:$D$296,">="&A22,Dados!$D$2:$D$296,"<"&EDATE(A22,1)) -> 787
A23: 45536 | B23: =SUMIFS(Dados!$M$2:$M$296,Dados!$D$2:$D$296,">="&A23,Dados!$D$2:$D$296,"<"&EDATE(A23,1)) -> 780
A24: 45566 | B24: =SUMIFS(Dados!$M$2:$M$296,Dados!$D$2:$D$296,">="&A24,Dados!$D$2:$D$296,"<"&EDATE(A24,1)) -> 832
A25: 45597 | B25: =SUMIFS(Dados!$M$2:$M$296,Dados!$D$2:$D$296,">="&A25,Dados!$D$2:$D$296,"<"&EDATE(A25,1)) -> 784
A26: 45627 | B26: =SUMIFS(Dados!$M$2:$M$296,Dados!$D$2:$D$296,">="&A26,Dados!$D$2:$D$296,"<"&EDATE(A26,1)) -> 389
